nombre,apellido,correo_electronico,poblacion,provincia_estado,pais,id_curso
Rebekah,Johnson,tkelley@example.net,Adrianview,Michigan,Andorra,1
Barbara,Williams,radams@example.net,,South Dakota,Anguilla,1
Jerome,Fox,fullerjustin@example.com,Brandihaven,Arizona,Albania,1
Michelle,Gonzalez,wroberts@example.net,Port Jordan,Georgia,Tajikistan,1
Jessica,Moreno,matthew69@example.com,North Larry,,Cayman Islands,1
Erica,Bates,yorkbrad@example.net,Lake Traci,Wyoming,Burundi,1
Roberto,Hart,brett11@example.net,Randallburgh,Tennessee,Barbados,1
John,Miller,frichards@example.org,,Rhode Island,Ukraine,1
Roger,Torres,oscar96@example.net,East Seanfort,,Uganda,1
Maria,Howard,robinsonmatthew@example.com,Patriciaton,,Cocos (Keeling) Islands,1
Robert,Green,brandi93@example.com,,,Canada,1
Alexander,Olson,ashleyryan@example.com,Francoland,,Uganda,1
Ryan,Anderson,brianholloway@example.com,North Barbaramouth,Connecticut,Yemen,1
Steven,Parks,dannyvazquez@example.com,,,Pakistan,1
Melissa,White,douglas09@example.org,Mooretown,Nebraska,Uganda,1
Brian,Merritt,jessicabaker@example.net,Angelicachester,Idaho,Switzerland,1
Anthony,Rich,amber71@example.org,,South Carolina,Finland,1
Adam,Meadows,goodmandiane@example.com,Kendrashire,Washington,Saint Kitts and Nevis,1
Lisa,Cooper,ngutierrez@example.com,,,Latvia,1
Gloria,Lee,sfreeman@example.com,,,Bolivia,1
Michael,Watkins,johnsonjeffrey@example.org,,,Faroe Islands,1
Rachel,Olson,rossjennifer@example.com,,Tennessee,Iraq,1
Gavin,Meyer,william58@example.org,South Andrewchester,Hawaii,Australia,1
Michelle,Ellis,stephaniebutler@example.com,New Julieton,,Cuba,1
William,Diaz,david08@example.org,,Missouri,American Samoa,1
Jamie,Bauer,henry85@example.net,Judychester,Hawaii,Eritrea,1
Caitlyn,Moses,donnalopez@example.com,,Louisiana,Bahamas,1
Christopher,Houston,okhan@example.com,,,Antigua and Barbuda,1
Jennifer,Park,jonathanstrickland@example.org,,Missouri,Switzerland,1
Joseph,Davis,kellyfoster@example.org,,,Christmas Island,1
Jose,Weiss,mcgeejoshua@example.net,,Oregon,Lithuania,1
Keith,Nelson,terri73@example.net,,Michigan,Kyrgyz Republic,1
Brandon,Smith,jonesjoseph@example.com,,Tennessee,Israel,1
Jacob,Owens,kmartin@example.net,South Deanna,Oklahoma,Iran,1
Brandy,Nguyen,nathancarlson@example.net,Port Rebekah,,Falkland Islands (Malvinas),1
Anne,Benson,nathan51@example.org,Joshualand,,Nauru,1
Zachary,Gonzales,tammy47@example.org,,Louisiana,Cuba,1
Dennis,Goodwin,lisa02@example.net,North Dalton,,Yemen,1
Danny,Larson,kathleenfitzgerald@example.org,,Missouri,Burkina Faso,1
Kristin,Williamson,johnroberson@example.net,South Michael,,Bouvet Island (Bouvetoya),1
Caleb,Smith,smithaustin@example.com,Fernandeztown,,Kuwait,1
Kathleen,Alvarado,darren50@example.net,,Florida,South Georgia and the South Sandwich Islands,1
Jody,Smith,williamsrobert@example.org,,Wyoming,Marshall Islands,1
Julia,Herrera,timothymcdowell@example.com,Jamesfort,California,Lesotho,1
Melissa,Jones,fmartin@example.com,East David,Rhode Island,Comoros,1
Marilyn,Miles,kmartinez@example.org,,Nevada,Dominican Republic,1
Mark,Douglas,shammond@example.com,Leeberg,,Malawi,1
Patricia,Gomez,john45@example.org,,Kansas,Mauritania,1
Dale,Gilmore,collierdebra@example.net,,,Bahamas,1
Kenneth,Russell,steven61@example.org,Mitchellfurt,Wisconsin,Saint Helena,1
Brandon,White,whiteshawn@example.org,,,Lithuania,1
Ashley,Miller,dmoses@example.org,,,United Arab Emirates,1
James,Reid,ganderson@example.com,,,Cocos (Keeling) Islands,1
Crystal,Blankenship,pbrown@example.org,Saraberg,Nevada,Norfolk Island,1
Corey,Reyes,kathryngarrett@example.net,,,Cape Verde,1
Stephen,Cantrell,smithdavid@example.net,,,Armenia,1
Jonathan,Walters,taylormartin@example.com,Nortonville,,British Indian Ocean Territory (Chagos Archipelago),1
Tonya,Travis,amy81@example.org,Sierramouth,,Mali,1
Eric,Robinson,igriffin@example.org,New Joseph,Hawaii,Albania,1
Timothy,Davis,richardandrews@example.org,,Arizona,Western Sahara,1
Ana,Campos,mayraymond@example.com,West Joeport,,Belize,1
Mitchell,White,rwang@example.net,Sonyaton,North Carolina,Reunion,1
Brandon,Cook,kgill@example.org,New Connor,Tennessee,Uruguay,1
Trevor,Potter,jennifer83@example.org,,,United States Virgin Islands,1
Latoya,Smith,alexanderheidi@example.net,Lake Tammy,,Zambia,1
Vanessa,Nelson,aliciabaker@example.com,,,Mexico,1
Randy,Mason,allenmeredith@example.org,,,Sierra Leone,1
Jesus,Mathis,kathy40@example.org,Jonathanport,,Botswana,1
Dan,Salinas,matthew49@example.com,Dunnmouth,Montana,Lithuania,1
Sarah,Lawrence,amyjohnston@example.com,South Meghanmouth,Pennsylvania,Northern Mariana Islands,1
Renee,Delacruz,kylie00@example.net,Nguyenview,New Hampshire,Eritrea,1
Kathryn,Garcia,hebertchad@example.com,,North Carolina,Seychelles,1
Nicole,Harris,owashington@example.org,Shawfurt,Indiana,Tajikistan,1
Pam,Mann,uwilliams@example.com,Port Ann,Kansas,Bahrain,1
Misty,Tran,williamskarl@example.org,,,Saint Helena,1
Darius,Meadows,elizabethpowers@example.net,,Arizona,North Macedonia,1
Patrick,Simon,dannyolson@example.org,South Tyler,Arizona,Bahamas,1
Anthony,Orr,hannahmyers@example.net,,,Serbia,1
Anthony,Page,ureed@example.net,,,Bahamas,1
Connie,Vargas,michaelbrown@example.com,,,Sweden,1
Dylan,Carter,michael15@example.net,,,Denmark,1
Shannon,Patrick,sabrina59@example.com,West Robertfurt,Wyoming,Macao,1
Lindsey,Brown,smartinez@example.org,West Brandonberg,,Zambia,1
Christina,Perez,gcox@example.net,Lake Bryanport,,Grenada,1
Elizabeth,Clarke,harveychristopher@example.com,Blackburnside,,Monaco,1
Bryan,Spencer,nicholas22@example.org,Lake Alfredfurt,,Martinique,1
