nombre,apellidos,correo_electronico,poblacion,provincia_estado,pais
Rebekah,Johnson,tkelley@example.net,Adrianview,Michigan,Andorra
Jerome,Fox,fullerjustin@example.com,Brandihaven,Arizona,Albania
Jessica,Moreno,matthew69@example.com,North Larry,,Cayman Islands
John,Miller,frichards@example.org,,Rhode Island,Ukraine
Maria,Howard,robinsonmatthew@example.com,Patriciaton,,Cocos (Keeling) Islands
Robert,Green,brandi93@example.com,,,Canada
Alexander,Olson,ashleyryan@example.com,Francoland,,Uganda
Ryan,Anderson,brianholloway@example.com,North Barbaramouth,Connecticut,Yemen
Steven,Parks,dannyvazquez@example.com,,,Pakistan
Lisa,Cooper,ngutierrez@example.com,,,Latvia
Michelle,Ellis,stephaniebutler@example.com,New Julieton,,Cuba
William,Diaz,david08@example.org,,Missouri,American Samoa
Caitlyn,Moses,donnalopez@example.com,,Louisiana,Bahamas
Jennifer,Park,jonathanstrickland@example.org,,Missouri,Switzerland
Jose,Weiss,mcgeejoshua@example.net,,Oregon,Lithuania
Jacob,Owens,kmartin@example.net,South Deanna,Oklahoma,Iran
Anne,Benson,nathan51@example.org,Joshualand,,Nauru
Zachary,Gonzales,tammy47@example.org,,Louisiana,Cuba
Dennis,Goodwin,lisa02@example.net,North Dalton,,Yemen
Kristin,Williamson,johnroberson@example.net,South Michael,,Bouvet Island (Bouvetoya)
Kathleen,Alvarado,darren50@example.net,,Florida,South Georgia and the South Sandwich Islands
Marilyn,Miles,kmartinez@example.org,,Nevada,Dominican Republic
Mark,Douglas,shammond@example.com,Leeberg,,Malawi
Dale,Gilmore,collierdebra@example.net,,,Bahamas
Brandon,White,whiteshawn@example.org,,,Lithuania
Ashley,Miller,dmoses@example.org,,,United Arab Emirates
James,Reid,ganderson@example.com,,,Cocos (Keeling) Islands
Crystal,Blankenship,pbrown@example.org,Saraberg,Nevada,Norfolk Island
Corey,Reyes,kathryngarrett@example.net,,,Cape Verde
Tonya,Travis,amy81@example.org,Sierramouth,,Mali
Mitchell,White,rwang@example.net,Sonyaton,North Carolina,Reunion
Brandon,Cook,kgill@example.org,New Connor,Tennessee,Uruguay
Trevor,Potter,jennifer83@example.org,,,United States Virgin Islands
Latoya,Smith,alexanderheidi@example.net,Lake Tammy,,Zambia
Kathryn,Garcia,hebertchad@example.com,,North Carolina,Seychelles
Nicole,Harris,owashington@example.org,Shawfurt,Indiana,Tajikistan
Misty,Tran,williamskarl@example.org,,,Saint Helena
Darius,Meadows,elizabethpowers@example.net,,Arizona,North Macedonia
Dylan,Carter,michael15@example.net,,,Denmark
Lindsey,Brown,smartinez@example.org,West Brandonberg,,Zambia
Bryan,Spencer,nicholas22@example.org,Lake Alfredfurt,,Martinique
Randy,Mason,allenmeredith@example.org,,,Sierra Leone
Connie,Vargas,michaelbrown@example.com,,,Sweden
Michelle,Gonzalez,wroberts@example.net,Port Jordan,Georgia,Tajikistan
Jennifer,Diaz,darrenbowers@example.net,,Wyoming,Morocco
Kenneth,Russell,steven61@example.org,Mitchellfurt,Wisconsin,Saint Helena
Roger,Torres,oscar96@example.net,East Seanfort,,Uganda
Luke,Price,rhondawilliams@example.com,,,Albania
Edward,Palmer,qwhite@example.net,Rebekahtown,Kentucky,Bulgaria
Kristi,Berry,lisa39@example.com,,Rhode Island,Mongolia
Thomas,Perez,isampson@example.org,Silvamouth,Washington,Uruguay
Angel,Hernandez,david55@example.com,Xavierhaven,,Swaziland
Lauren,Craig,jamiejohnson@example.org,,Massachusetts,Hungary
Anthony,Taylor,smitheric@example.org,Danielleview,Nevada,Madagascar
Timothy,Davis,richardandrews@example.org,,Arizona,Western Sahara
Adrian,Vasquez,fholmes@example.org,South Tammyland,,Czech Republic
Jonathan,Walters,taylormartin@example.com,Nortonville,,British Indian Ocean Territory (Chagos Archipelago)
Danny,Larson,kathleenfitzgerald@example.org,,Missouri,Burkina Faso
Erica,Bates,yorkbrad@example.net,Lake Traci,Wyoming,Burundi
Priscilla,Russell,michellethompson@example.net,East Heather,Kentucky,Croatia
Anthony,Page,ureed@example.net,,,Bahamas
Maria,Reed,jacksonjennifer@example.com,,,Belize
Benjamin,Frost,daniel51@example.net,,Mississippi,Dominican Republic
Rebecca,Conway,danawinters@example.org,Port Tina,,Comoros
Christina,Perez,gcox@example.net,Lake Bryanport,,Grenada
Christopher,Rodriguez,sethsingh@example.net,,Texas,Tanzania
Luis,Luna,wyattfrank@example.net,,,Netherlands
Patrick,Simon,dannyolson@example.org,South Tyler,Arizona,Bahamas
Jesus,Mathis,kathy40@example.org,Jonathanport,,Botswana
Jessica,Giles,elizabethpearson@example.org,,,Togo
Eric,Shaffer,rhonda20@example.org,,Colorado,Denmark
Haley,Davis,pottsdonald@example.com,North Jonathanfort,Utah,Fiji
Brandon,Smith,jonesjoseph@example.com,,Tennessee,Israel
Pam,Mann,uwilliams@example.com,Port Ann,Kansas,Bahrain
Ana,Campos,mayraymond@example.com,West Joeport,,Belize
Melissa,Jones,michaelmiller@example.com,Johnsonville,Michigan,Cameroon
Sarah,Lawrence,amyjohnston@example.com,South Meghanmouth,Pennsylvania,Northern Mariana Islands
Donald,Rivera,michaelfriedman@example.com,Edwardland,,Burundi
Jerry,Carter,jocelyn50@example.org,,,Jamaica
Dawn,Richardson,ramirezdustin@example.org,,New York,Sierra Leone
Larry,Bolton,enguyen@example.org,Lake Rebecca,,Sri Lanka
Shannon,Patrick,sabrina59@example.com,West Robertfurt,Wyoming,Macao
Jonathan,Atkins,tammie48@example.org,Clarkstad,,Belarus
Tyrone,Tran,melanie41@example.net,Brandonstad,,Portugal
Tanner,Brown,barronjeffrey@example.net,,Minnesota,Nicaragua
Patricia,Gomez,john45@example.org,,Kansas,Mauritania
Kristen,Harris,brockaaron@example.com,South Gloria,Minnesota,Tonga
Deborah,Reynolds,brooke40@example.org,,,Netherlands
Jason,Flores,owenssarah@example.com,Harveychester,Indiana,Cape Verde
William,Hernandez,fvelez@example.net,Chaseview,Indiana,Gambia
Joseph,Davis,kellyfoster@example.org,,,Christmas Island
Adam,Meadows,goodmandiane@example.com,Kendrashire,Washington,Saint Kitts and Nevis
Ashley,Norman,jessica78@example.org,,,Gambia
Meghan,Santos,sherri35@example.org,,,Brunei Darussalam
Anthony,Orr,hannahmyers@example.net,,,Serbia
Jody,Smith,williamsrobert@example.org,,Wyoming,Marshall Islands
Jason,Hurley,allison15@example.net,,Nebraska,Azerbaijan
Valerie,Hoover,sharongarcia@example.net,Alexberg,South Carolina,Mexico
Gavin,Meyer,william58@example.org,South Andrewchester,Hawaii,Australia
Michael,Sanchez,melissaramirez@example.com,,California,Mauritania
Susan,Luna,fmiller@example.net,,,Libyan Arab Jamahiriya
Misty,Smith,ismith@example.com,Williamsstad,,Somalia
Elizabeth,Clarke,harveychristopher@example.com,Blackburnside,,Monaco
Michael,Watkins,johnsonjeffrey@example.org,,,Faroe Islands
Dan,Salinas,matthew49@example.com,Dunnmouth,Montana,Lithuania
Caleb,Smith,smithaustin@example.com,Fernandeztown,,Kuwait
William,Wong,brianna85@example.net,,,Dominica
Brian,Merritt,jessicabaker@example.net,Angelicachester,Idaho,Switzerland
Angela,Arnold,rpham@example.org,Pamelachester,,Czech Republic
Melissa,Jones,fmartin@example.com,East David,Rhode Island,Comoros
Timothy,Morris,amandathomas@example.com,,Minnesota,Angola
Kimberly,Ballard,waltoncody@example.com,Calebport,,Sierra Leone
Roberto,Hart,brett11@example.net,Randallburgh,Tennessee,Barbados
Chelsea,Shaffer,cparker@example.com,,,Cocos (Keeling) Islands
Amy,Coleman,bauermatthew@example.com,,New Hampshire,Norway
Melissa,White,douglas09@example.org,Mooretown,Nebraska,Uganda
Eric,Robinson,igriffin@example.org,New Joseph,Hawaii,Albania
Stephen,Cantrell,smithdavid@example.net,,,Armenia
Julia,Herrera,timothymcdowell@example.com,Jamesfort,California,Lesotho
Maria,Petersen,johnsonjoshua@example.org,South Darlenemouth,,Hungary
Anthony,Rich,amber71@example.org,,South Carolina,Finland
Casey,Li,kbowman@example.com,East Betty,,Guernsey
Nathan,Garner,amanda24@example.com,,,Maldives
Jessica,Smith,millerrobert@example.com,Port Sara,Idaho,Bahamas
Melissa,Vega,rushkevin@example.net,,Hawaii,Bahrain
Jamie,Bauer,henry85@example.net,Judychester,Hawaii,Eritrea
Melissa,Nelson,michelle15@example.org,,Georgia,Cameroon
Rachel,Olson,rossjennifer@example.com,,Tennessee,Iraq
Keith,Nelson,terri73@example.net,,Michigan,Kyrgyz Republic
Barbara,Williams,radams@example.net,,South Dakota,Anguilla
Vanessa,Nelson,aliciabaker@example.com,,,Mexico
Renee,Delacruz,kylie00@example.net,Nguyenview,New Hampshire,Eritrea
James,Woods,mercadojoel@example.org,Montgomerymouth,,French Guiana
Christopher,Houston,okhan@example.com,,,Antigua and Barbuda
Brandy,Nguyen,nathancarlson@example.net,Port Rebekah,,Falkland Islands (Malvinas)
Paula,Turner,valeriethompson@example.net,Ericaborough,,Syrian Arab Republic
Sandra,Chang,fboyd@example.net,West Donaldtown,Idaho,Nauru
Amanda,Lam,hernandezangela@example.com,East John,West Virginia,Cayman Islands
Gloria,Lee,sfreeman@example.com,,,Bolivia
Jessica,Garcia,owalker@example.com,Greenton,Pennsylvania,Timor-Leste
